timestamp,feature,used,unused,total
2025-09-23 17:14:23,Innovus_Impl_System,,,
2025-09-23 17:14:58,Innovus_Impl_System,,,
2025-09-23 17:15:22,Innovus_Impl_System,,,
2025-09-23 17:19:58,Innovus_Impl_System,,,
2025-09-23 17:20:22,Innovus_Impl_System,,,
2025-09-23 17:24:58,Innovus_Impl_System,,,
2025-09-23 17:25:22,Innovus_Impl_System,,,
2025-09-23 17:29:58,Innovus_Impl_System,,,
2025-09-23 17:34:58,Innovus_Impl_System,,,
2025-09-23 17:39:58,Innovus_Impl_System,,,
2025-09-23 17:44:58,Innovus_Impl_System,,,
2025-09-23 18:47:35,Innovus_Impl_System,,,
2025-09-23 18:48:15,Innovus_Impl_System,,,
2025-09-23 18:49:01,Innovus_Impl_System,,,
2025-09-23 18:49:10,Innovus_Impl_System,,,
2025-09-23 19:17:01,Innovus_Impl_System,,,
2025-09-23 19:17:20,Innovus_Impl_System,,,
2025-09-23 19:19:12,Innovus_Impl_System,,,
2025-09-23 19:19:23,Innovus_Impl_System,,,
2025-09-23 19:19:31,Innovus_Impl_System,,,
2025-09-23 19:35:08,Innovus_Impl_System,,,
2025-09-23 19:35:08,Genus_Synthesis,,,
2025-09-23 19:35:16,Innovus_Impl_System,,,
2025-09-23 19:35:16,Genus_Synthesis,,,
2025-09-23 19:35:16,Another_Feature,,,
2025-09-23 19:35:30,Innovus_Impl_System,,,
2025-09-23 19:35:30,Genus_Synthesis,,,
2025-09-23 19:37:20,Innovus_Impl_System,,,
2025-09-23 19:37:20,Genus_Synthesis,,,
2025-09-23 19:37:27,Innovus_Impl_System,,,
2025-09-23 19:37:27,Genus_Synthesis,,,
2025-09-23 19:38:20,Innovus_Impl_System,,,
2025-09-23 19:38:20,Genus_Synthesis,,,
2025-09-24 10:01:47,Innovus_Impl_System,,,
2025-09-24 10:01:47,Genus_Synthesis,,,
2025-09-24 10:18:56,Innovus_Impl_System,,,
2025-09-24 10:18:56,Genus_Synthesis,,,
2025-09-24 10:21:39,Innovus_Impl_System,,,
2025-09-24 10:21:39,Genus_Synthesis,,,
2025-09-24 10:21:50,Innovus_Impl_System,,,
2025-09-24 10:21:50,Genus_Synthesis,,,
2025-09-24 10:22:27,Innovus_Impl_System,,,
2025-09-24 10:22:27,Genus_Synthesis,,,
